"Page","Words","Title","Desc","Canonical","OG","Schema","Analytics","Preloads","BlogArt","TLDR","FAQ","Tips","Related","NoAlt","NoDim","Dashes","WP","CDN","Broken"
"best-chiang-mai.html","1560","y","y","y","y","y","MISSING","4","y","ok","0","-","y","0","0","0","","","../search.html"
"blog-template.html","746","y","y","MISSING","MISSING","y","MISSING","4","y","ok","0","-","y","0","0","0","","","../search.html; ../images/chiang-mai-ambassador-chiangmaiambassador-tuk-tuk-night-street-motion-blur.webp; ../images/chiang-mai-ambassador-chiangmaiambassador-bo-sang-painted-parasols-umbrella-arch.webp; ../images/chiang-mai-ambassador-chiangmaiambassador-big-white-gold-buddha-statue-sunset-chiang-mai.webp; ../pages/neighbourhoods.html; ../pages/cost-of-living.html; ../pages/visas.html; ../pages/privacy.html; ../pages/terms.html; ../pages/disclaimer.html"
"cheapest-border-run-chiang-mai.html","1747","y","y","y","y","y","MISSING","4","y","ok","0","y","y","0","0","0","","","../search.html"
"getting-social-in-chiang-mai.html","3277","y","y","y","y","y","MISSING","4","y","ok","0","-","y","0","0","0","","","../search.html"
"index.html","1029","y","y","y","y","y","MISSING","4","-","no-figure","0","-","-","0","0","0","","","../search.html"
"khun-joe-school.html","1849","y","y","y","y","y","MISSING","4","y","ok","6","y","y","0","0","0","","","../search.html"
"modern-transport-guide.html","3587","y","y","y","y","y","MISSING","4","y","ok","8","y","y","0","0","0","","","../search.html"
"motorbike-registration-chiang-mai.html","1362","y","y","y","y","y","MISSING","4","y","ok","0","-","y","0","0","0","","","../search.html; insurance.html; motorbike-registration.html; vehicle.html; vehicle-tax.html"
"search.html","239","y","y","MISSING","MISSING","MISSING","y","4","-","no-figure","0","-","-","0","0","0","","",""
"thai-eating-etiquette.html","877","y","y","y","y","y","MISSING","4","y","ok","0","-","y","0","0","0","","","../search.html"
"understanding-thai-culture.html","1696","y","y","y","y","y","MISSING","4","y","ok","0","-","y","0","0","0","","","../search.html"
"visa-exempt-status-2026-returning-to-30-days.html","1773","y","y","y","y","y","MISSING","4","y","ok","0","-","y","0","0","0","","","../search.html"
"where-to-stay-in-chiang-mai.html","4421","y","y","y","y","y","y","4","y","ok","6","y","y","0","0","0","","","../search.html"
"womens-prison-massage.html","1139","y","y","y","y","y","MISSING","4","y","ok","0","-","y","0","0","0","","","../search.html"
"yunnan-farmers-market.html","1838","y","y","y","y","y","MISSING","4","y","ok","6","-","y","0","0","0","","","../search.html"
"chiang-mai\index.html","830","y","y","y","y","y","MISSING","4","y","no-figure","0","-","-","0","0","0","","","../../search.html"
"food\auf-der-au-best-buffet-chiang-mai.html","1419","y","y","y","y","y","MISSING","4","y","ok","5","y","y","0","0","0","","","../../search.html"
"food\butter-is-better.html","1037","y","y","y","y","y","MISSING","4","y","ok","5","y","y","0","0","0","","","../../search.html"
"food\food-delivery-apps-chiang-mai.html","1792","y","y","y","y","y","y","4","y","ok","0","y","y","0","0","1","","","../../search.html"
"food\food-delivery-services.html","1473","y","y","y","y","y","MISSING","4","y","ok","5","y","y","0","0","0","","","../../search.html"
"food\late-night-eating-chiang-mai.html","1683","y","y","y","y","y","y","4","y","ok","0","y","y","0","0","0","","","../../search.html"
"food\le-meridien-dinner-buffet.html","1215","y","y","y","y","y","MISSING","4","y","ok","5","y","y","0","0","0","","","../../search.html; images/chiang-mai-ambassador-chiangmaiambassador-auf-der-au-restaurant-dining-room-interior.webp; images/chiang-mai-ambassador-chiangmaiambassador-expat-mens-group-dinner-restaurant.webp"
"food\meela-peanut-butter.html","1435","y","y","y","y","y","MISSING","4","y","ok","5","y","y","0","0","0","","","../../search.html; images/chiang-mai-ambassador-chiangmaiambassador-chiangmaiambassador-real-thai-restaurant-16.webp; images/chiang-mai-ambassador-chiangmaiambassador-auf-der-au-restaurant-dining-room-interior.webp"
"food\siripanna-lunch.html","1366","y","y","y","y","y","MISSING","4","y","ok","5","y","y","0","0","0","","","../../search.html"
"food\the-dukes.html","1513","y","y","y","y","y","MISSING","4","y","ok","5","y","y","0","0","0","","","../../search.html; images/chiang-mai-ambassador-chiangmaiambassador-auf-der-au-restaurant-dining-room-interior.webp; images/chiang-mai-ambassador-chiangmaiambassador-expat-mens-group-dinner-restaurant.webp"
"guides\90-day-reporting-tm30-chiang-mai.html","2152","y","y","y","y","y","MISSING","4","y","ok","6","y","y","0","0","0","","","../images/chiang-mai-ambassador-chiangmaiambassador-Chiang-Mai-Ambassador-Immigration.webp"
"guides\blood-donation-donor-eligibility-red-cross-blood-bank-chiang-mai.html","1638","y","y","y","y","y","MISSING","4","y","ok","5","y","y","0","0","0","","","images/chiang-mai-ambassador-arrival.webp; images/chiang-mai-ambassador-chiangmaiambassador-lanna-temple-wooden-facade-rural-garden.webp"
"guides\blood-donation-procedure.html","1236","y","y","y","y","y","MISSING","4","y","ok","5","y","y","0","0","0","","",""
"guides\bua-tong-waterfalls.html","1649","y","y","y","y","y","MISSING","4","y","ok","5","y","y","0","0","0","","","images/chiang-mai-ambassador-chiangmaiambassador-tdac-thailand-digital-arrival-card-confirmation.webp; images/chiang-mai-ambassador-chiangmaiambassador-thai-man-bicycle-street-scene-chiang-mai.webp"
"guides\budget-chiang-mai-medical-services.html","1683","y","y","y","y","y","MISSING","4","y","ok","5","y","y","0","0","0","","","images/chiang-mai-ambassador-arrival.webp; images/chiang-mai-ambassador-chiangmaiambassador-lanna-temple-wooden-facade-rural-garden.webp"
"guides\chiang-mai-driving-licence.html","3514","y","y","y","y","y","y","4","y","ok","6","y","y","0","0","0","","",""
"guides\chiang-mai-driving.html","1833","y","y","y","y","y","MISSING","4","y","ok","5","y","y","0","0","0","","","images/chiang-mai-ambassador-chiangmaiambassador-tuk-tuk-night-street-motion-blur.webp; images/chiang-mai-ambassador-chiangmaiambassador-Chiang-Mai-Ambassador-Motorbike-Registration-months-in-Thai2.webp"
"guides\chiang-mai-festivals.html","2336","y","y","y","y","y","MISSING","4","y","ok","5","y","y","0","0","0","","","../images/chiang-mai-ambassador-chiangmaiambassador-yi-peng-lantern-festival-chiang-mai-night-glow.webp; ../images/chiang-mai-ambassador-chiangmaiambassador-walking-street-market-chiang-mai-wualai.webp; ../images/chiang-mai-ambassador-chiangmaiambassador-modern-transport-guide-chiang-mai-songthaew-red-truck.webp; ../guides/modern-transport-guide.html"
"guides\chiang-mai-insurance.html","1688","y","y","y","y","y","MISSING","4","y","ok","5","y","y","0","0","0","","",""
"guides\chiang-mai-road-rules.html","2131","y","y","y","y","y","MISSING","4","y","ok","5","y","y","0","0","4","","",""
"guides\chiang-mai-vs-da-nang.html","2431","y","y","MISSING","MISSING","y","MISSING","4","y","ok","4","y","y","0","0","1","","",""
"guides\finding-pet-friendly-home-chiang-mai.html","1537","y","y","y","y","y","MISSING","4","y","ok","4","y","y","0","0","0","","","../images/chiang-mai-ambassador-chiangmaiambassador-vets-pet-care-chiang-mai.webp; ../images/chiang-mai-ambassador-chiangmaiambassador-travelling-to-thailand-with-pets.webp; ../images/chiang-mai-ambassador-chiangmaiambassador-chiangmaiambassador-where-to-stay.webp"
"guides\flat-tire.html","924","y","y","y","y","y","MISSING","4","y","ok","4","y","y","0","0","0","","",""
"guides\index.html","726","y","y","y","y","y","MISSING","4","y","no-figure","0","-","-","0","0","0","","","../../search.html"
"guides\language-schools-ed-visa-chiang-mai.html","2172","y","y","y","y","y","y","4","y","ok","5","y","y","0","0","0","","",""
"guides\lazada-shopee-foreigners-chiang-mai.html","2050","y","y","y","y","y","y","4","y","ok","5","y","y","0","0","0","","",""
"guides\license-plates.html","1563","y","y","y","y","y","MISSING","4","y","ok","5","y","y","0","0","0","","",""
"guides\motorcycle-registration-transfer.html","1602","y","y","y","y","y","MISSING","4","y","ok","5","y","y","0","0","0","","",""
"guides\motorcycle-rentals.html","1834","y","y","y","y","y","MISSING","4","y","ok","5","y","y","0","0","0","","",""
"guides\red-cross-blood-bank-chiang-mai.html","1626","y","y","y","y","y","MISSING","4","y","ok","5","y","y","0","0","0","","",""
"guides\renting-a-motorbike-in-chiang-mai.html","1970","y","y","y","y","y","MISSING","4","y","ok","5","y","y","0","0","0","","","images/chiang-mai-ambassador-chiangmaiambassador-thai-man-bicycle-street-scene-chiang-mai.webp; images/chiang-mai-ambassador-chiangmaiambassador-tuk-tuk-night-street-motion-blur.webp"
"guides\residency-certificate-chiang-mai.html","1624","y","y","y","y","y","MISSING","4","y","ok","5","y","y","0","0","4","","","../images/chiang-mai-ambassador-chiangmaiambassador-Chiang-Mai-Ambassador-Immigration.webp; ../images/chiang-mai-ambassador-chiangmaiambassador-chiang-mai-driving-licence-smartqueue.webp; ../images/chiang-mai-ambassador-chiangmaiambassador-90-day-reporting-immigration-chiang-mai.webp; ../images/chiang-mai-ambassador-chiangmaiambassador-work-permit-medical-certificate.webp"
"guides\tdac-thailand-digital-arrival-card.html","1662","y","y","y","y","y","MISSING","4","y","ok","5","y","y","0","0","0","","",""
"guides\thailand-media.html","2092","y","y","y","y","y","y","4","y","ok","5","y","y","0","0","0","","",""
"guides\travelling-to-thailand-with-pets.html","1671","y","y","y","y","y","MISSING","4","y","ok","4","y","y","0","0","0","","","../images/chiang-mai-ambassador-chiangmaiambassador-vets-pet-care-chiang-mai.webp; ../images/chiang-mai-ambassador-chiangmaiambassador-finding-pet-friendly-home.webp"
"guides\vets-pet-care-chiang-mai.html","1585","y","y","y","y","y","MISSING","4","y","ok","4","y","y","0","0","0","","","../lifestyle/mobile-languages.html; ../images/chiang-mai-ambassador-chiangmaiambassador-finding-pet-friendly-home.webp; ../images/chiang-mai-ambassador-chiangmaiambassador-travelling-to-thailand-with-pets.webp"
"guides\walking-street-markets.html","1948","y","y","y","y","y","MISSING","4","y","ok","6","y","y","0","0","0","","",""
"guides\what-to-do-after-a-vehicle-accident.html","2051","y","y","y","y","y","MISSING","4","-","no-figure","4","y","y","0","0","0","","","../images/chiang-mai-ambassador-chiangmaiambassador-chiang-mai-road-rules-traffic.webp"
"guides\wing-41-pass.html","1679","y","y","y","y","y","MISSING","4","y","ok","5","y","y","0","0","0","","",""
"guides\work-permit-medical-certificate.html","1365","y","y","y","y","y","MISSING","4","y","ok","9","y","y","0","0","0","","",""
"guides\yi-peng-lantern-festival.html","1788","y","y","y","y","y","y","4","y","ok","6","y","y","0","0","0","","",""
"lifestyle\alcohol-observations-of-a-non-drinker.html","3155","y","y","y","y","y","MISSING","4","y","ok","5","y","y","0","0","0","","","../../search.html; ../images/chiang-mai-ambassador-chiangmaiambassador-Chiang-Mai-Ambassador-punspace-lunch.webp"
"lifestyle\chiang-mai-arrival.html","1766","y","y","y","y","y","MISSING","4","y","ok","5","y","y","0","0","0","","","../../search.html"
"lifestyle\currency-in-and-out-of-thailand.html","1219","y","y","y","y","y","MISSING","4","y","ok","5","y","y","0","0","0","","","../../search.html"
"lifestyle\expat-breakfast-club.html","1633","y","y","y","y","y","MISSING","4","y","ok","5","y","y","0","0","0","","","../../search.html"
"lifestyle\index.html","909","y","y","y","y","y","MISSING","4","y","ok","0","-","y","0","0","0","","","../../search.html"
"lifestyle\internet.html","2328","y","y","y","y","y","MISSING","4","y","ok","5","y","y","0","0","0","","","../../search.html; ../images/chiang-mai-ambassador-chiangmaiambassador-mobile-phones-chiang-mai.webp; ../images/chiang-mai-ambassador-chiangmaiambassador-television-chiang-mai.webp"
"lifestyle\learning-languages.html","1302","y","y","y","y","y","MISSING","4","y","ok","5","y","y","0","0","0","","","../../search.html"
"lifestyle\life-budget-chiang-mai.html","2464","y","y","y","y","y","MISSING","4","y","ok","5","y","y","0","0","0","","","../../search.html"
"lifestyle\life-on-a-budget-in-chiang-mai-covid-2022-update.html","1959","y","y","y","y","y","MISSING","4","y","ok","5","y","y","0","0","0","","","../../search.html; ../images/chiang-mai-ambassador-chiangmaiambassador-Chiang-Mai-Ambassador-CM-Ambassador-TDAC-5.webp"
"lifestyle\live-in-chiang-mai.html","2351","y","y","y","y","y","MISSING","4","y","ok","5","y","y","0","0","0","","","../../search.html"
"lifestyle\mobile-phones.html","2142","y","y","y","y","y","MISSING","4","y","ok","5","y","y","0","0","0","","","../../search.html; ../images/chiang-mai-ambassador-chiangmaiambassador-internet-chiang-mai.webp; ../images/chiang-mai-ambassador-chiangmaiambassador-currency-in-out-thailand.webp"
"lifestyle\moving-checklist.html","1327","y","y","y","y","y","MISSING","4","y","ok","5","y","y","0","0","0","","","../../search.html"
"lifestyle\smoky-season-chiang-mai.html","2346","y","y","y","y","y","MISSING","4","y","ok","5","y","y","0","0","0","","","../../search.html; ../lifestyle/cost-of-living.html"
"lifestyle\songkran.html","1523","y","y","y","y","y","MISSING","4","y","ok","5","y","y","0","0","0","","","../../search.html"
"lifestyle\television.html","2134","y","y","y","y","y","MISSING","4","y","ok","5","y","y","0","0","0","","","../../search.html; ../images/chiang-mai-ambassador-chiangmaiambassador-internet-chiang-mai.webp; ../images/chiang-mai-ambassador-chiangmaiambassador-mobile-phones-chiang-mai.webp; ../images/chiang-mai-ambassador-chiangmaiambassador-life-budget-chiang-mai.webp"
"lifestyle\thai-visa-advice.html","1810","y","y","y","y","y","MISSING","4","y","ok","5","y","y","0","0","0","","","../../search.html"
"lifestyle\top-tips.html","1931","y","y","y","y","y","MISSING","4","y","ok","5","y","y","0","0","0","","","../../search.html"
"lifestyle\traveling-alone.html","1735","y","y","y","y","y","MISSING","4","y","ok","5","y","y","0","0","0","","","../../search.html"
"lifestyle\traveling-with-friends.html","1790","y","y","y","y","y","MISSING","4","y","ok","5","y","y","0","0","0","","","../../search.html"
"lifestyle\us-expat-tax-guide.html","1970","y","y","y","y","y","MISSING","4","y","ok","5","y","y","0","0","0","","","../../search.html; images/chiang-mai-ambassador-chiangmaiambassador-Walking-Street-Markets-market-atmosphere-night.webp; images/chiang-mai-ambassador-chiangmaiambassador-Chiang-Mai-Ambassador-learning-language-chiangmaiambassador.webp"
"lifestyle\vientiane-visa-run.html","2591","y","y","y","y","y","MISSING","4","y","ok","5","y","y","0","0","0","","","../../search.html; images/chiang-mai-ambassador-chiangmaiambassador-tuk-tuk-songkran-water-festival-passengers.webp; images/chiang-mai-ambassador-chiangmaiambassador-maya-mall-nimman-exterior-chiang-mai.webp"
"lifestyle\vip-concierge-chiang-mai.html","1939","y","y","y","y","y","MISSING","4","y","ok","5","y","y","0","0","0","","","../../search.html; images/chiang-mai-ambassador-arrival.webp"
"lifestyle\neighborhoods\hang-dong.html","1097","y","y","y","y","y","MISSING","4","y","ok","0","-","-","0","0","9","","","../favicon.svg"
"lifestyle\neighborhoods\jed-yod.html","1356","y","y","y","y","y","MISSING","4","y","ok","0","-","-","0","0","14","","","../favicon.svg; ../../../search.html"
"lifestyle\neighborhoods\nimman.html","1023","y","y","MISSING","MISSING","y","MISSING","4","y","ok","0","-","y","0","0","0","","","../favicon.svg; ../../../search.html"
"lifestyle\neighborhoods\old-city.html","971","y","y","MISSING","MISSING","y","MISSING","4","y","ok","0","-","y","0","0","0","","","../favicon.svg; ../../../search.html"
"lifestyle\neighborhoods\riverside.html","846","y","y","MISSING","MISSING","y","MISSING","4","y","ok","0","-","y","0","0","0","","","../favicon.svg; ../../../search.html"
"lifestyle\neighborhoods\santitham.html","1344","y","y","y","y","y","MISSING","4","y","ok","0","-","-","0","0","10","","","../favicon.svg; ../../../search.html"
"lifestyle\neighborhoods\wat-ket-riverside.html","1159","y","y","y","y","y","MISSING","4","y","ok","0","-","-","0","0","8","","","../favicon.svg"
"pages\about.html","826","y","y","y","y","y","MISSING","4","y","ok","0","-","y","0","0","0","","","../../search.html; best-chiang-mai.html; getting-social-in-chiang-mai.html; walking-street-markets.html; expat-breakfast-club.html"
"pages\cost-of-living.html","1018","y","y","y","y","y","MISSING","4","-","ok","0","-","-","0","0","0","","","../../search.html; ../images/chiang-mai-ambassador-chiangmaiambassador-Chiang-Mai-Ambassador-CM-Ambassador-Yunnan-Farmers-Market-11.webp; ../images/chiang-mai-ambassador-chiangmaiambassador-Chiang-Mai-Ambassador-CM-Ambassador-Yunnan-Farmers-Market-28.webp"
"pages\disclaimer.html","892","y","y","y","y","y","MISSING","4","-","no-figure","0","-","-","0","0","0","","","../../search.html"
"pages\embassies-consulates.html","3169","y","y","y","y","y","MISSING","4","-","no-figure","0","-","-","0","0","0","","","../../search.html"
"pages\just-arriving-in-thailand.html","1699","y","y","y","y","y","MISSING","4","-","no-sidebar","0","-","-","0","0","0","","","../../search.html"
"pages\living-better-in-thailand.html","2164","y","y","y","y","y","MISSING","4","-","no-sidebar","0","-","-","0","0","0","","","../../search.html"
"pages\neighbourhoods.html","5565","y","y","y","y","y","MISSING","4","-","ok","0","-","-","0","0","0","","","../../search.html"
"pages\page-template.html","451","y","y","y","y","y","MISSING","4","-","AFTER-sidebar","0","-","-","0","0","0","","","../../search.html; ../images/[SEMANTIC-FILENAME].webp"
"pages\planning-a-move-to-thailand.html","1473","y","y","y","y","y","MISSING","4","-","no-sidebar","0","-","-","0","0","0","","","../../search.html; ../images/chiang-mai-ambassador-chiangmaiambassador-Chiang-Mai-Ambassador-CM-Ambassador-TDAC-11.webp"
"pages\privacy.html","763","y","y","y","y","y","MISSING","4","-","no-figure","0","-","-","0","0","0","","","../../search.html"
"pages\terms.html","983","y","y","y","y","y","MISSING","4","-","no-figure","0","-","-","0","0","0","","","../../search.html"
"pages\visas.html","1617","y","y","y","y","y","MISSING","4","-","AFTER-sidebar","0","-","-","0","0","0","","","../../search.html"
"visa\border-run-strategy.html","1827","y","y","y","y","y","MISSING","4","y","ok","5","y","y","0","0","0","","","../../search.html; images/chiang-mai-ambassador-chiangmaiambassador-visa-exempt-thailand-2026.webp; images/chiang-mai-ambassador-chiangmaiambassador-tdac-thailand-digital-arrival-card-confirmation.webp"
"visa\business-visa.html","1770","y","y","y","y","y","MISSING","4","y","ok","5","y","y","0","0","0","","","../../search.html; images/chiang-mai-ambassador-chiangmaiambassador-Chiang-Mai-Ambassador-learn-thai-from-a-white-guy-chiangmaiambassador.webp; images/chiang-mai-ambassador-chiangmaiambassador-dtv-180-day-entry-stamp-passport-admitted.webp"
"visa\dtv-visa.html","1771","y","y","y","y","y","MISSING","4","y","ok","5","y","y","0","0","0","","","../../search.html"
"visa\ed-visa-combat-training.html","1656","y","y","y","y","y","MISSING","4","y","ok","5","y","y","0","0","0","","","../../search.html; images/chiang-mai-ambassador-chiangmaiambassador-ed-visa-non-immigrant-sticker-education-visa-passport.webp; images/chiang-mai-ambassador-chiangmaiambassador-chiangmaiambassador-don-muang-airport-1.webp"
"visa\ed-visa-muay-thai.html","1697","y","y","y","y","y","MISSING","4","y","ok","5","y","y","0","0","0","","","../../search.html; images/chiang-mai-ambassador-chiangmaiambassador-ed-visa-non-immigrant-sticker-education-visa-passport.webp; images/chiang-mai-ambassador-chiangmaiambassador-volunteer-visa-non-immigrant-o-sticker-passport.webp; images/chiang-mai-ambassador-chiangmaiambassador-Chiang-Mai-Ambassador-learn-thai-from-a-white-guy-chiangmaiambassador.webp"
"visa\ed-visa-thai-language.html","1668","y","y","y","y","y","MISSING","4","y","ok","5","y","y","0","0","0","","","../../search.html; images/chiang-mai-ambassador-chiangmaiambassador-ed-visa-non-immigrant-sticker-education-visa-passport.webp; images/chiang-mai-ambassador-chiangmaiambassador-tdac-thailand-digital-arrival-card-confirmation.webp; images/chiang-mai-ambassador-chiangmaiambassador-chiangmaiambassador-don-muang-airport-1.webp"
"visa\ed-visa.html","1893","y","y","y","y","y","MISSING","4","y","ok","5","y","y","0","0","0","","","../../search.html"
"visa\index.html","972","y","y","y","y","y","y","4","section","no-figure","5","-","y","0","0","0","","","../../search.html"
"visa\ltr-visa.html","1647","y","y","y","y","y","MISSING","4","y","ok","5","y","y","0","0","0","","","../../search.html; images/chiang-mai-ambassador-chiangmaiambassador-tdac-thailand-digital-arrival-card-confirmation.webp; images/chiang-mai-ambassador-chiangmaiambassador-yi-peng-lanterns-night-sky-chiang-mai.webp; images/chiang-mai-ambassador-chiangmaiambassador-maya-mall-nimman-exterior-chiang-mai.webp"
"visa\marriage-visa.html","1784","y","y","y","y","y","MISSING","4","y","ok","5","y","y","0","0","0","","","../../search.html"
"visa\retirement-visa.html","1833","y","y","y","y","y","MISSING","4","y","ok","5","y","y","0","0","0","","","../../search.html; images/chiang-mai-ambassador-chiangmaiambassador-chiangmaiambassador-don-muang-airport-1.webp; images/chiang-mai-ambassador-chiangmaiambassador-tuk-tuk-night-street-motion-blur.webp; images/chiang-mai-ambassador-chiangmaiambassador-ed-visa-non-immigrant-sticker-education-visa-passport.webp"
"visa\tourist-visa.html","1660","y","y","y","y","y","MISSING","4","y","ok","5","y","y","0","0","0","","","../../search.html"
"visa\visa-exempt-vs-voa.html","1662","y","y","y","y","y","MISSING","4","y","ok","5","y","y","0","0","0","","","../../search.html; images/chiang-mai-ambassador-chiangmaiambassador-tdac-thailand-digital-arrival-card-confirmation.webp; images/chiang-mai-ambassador-chiangmaiambassador-visa-exempt-thailand-2026.webp"
"visa\volunteer-visa.html","1510","y","y","y","y","y","MISSING","4","y","ok","5","y","y","0","0","0","","","../../search.html"
